Best shift, RMSE, shifted unix time,data name
0.6,0.6224150511615572,1744193157.6,rotation2
9.6,1.751250865800929,1744193166.6,rotation2
9.6,1.7493161645467123,1744193166.6,rotation2
0.6,0.6224150511615572,1744193157.6,rotation2
0.6,0.6224150511615572,1744193157.6,rotation2
0.6,0.6224150511615572,1744193157.6,rotation2
0.6,0.6224150511615572,1744193157.6,rotation2
0.6,0.6224150511615572,1744193157.6,rotation2
