Best shift, RMSE, shifted unix time,data name
0.6,0.6224150511615572,1744193157.6,5markerrotation2
-7.8,0.6852650814957512,1744193034.2,5markerrotation1
0.6,0.6224150511615572,1744193157.6,rotation2
0.6,0.6224150511615572,1744193157.6,rotation2
