usShift,rmse,shift,framset,dataset
9312.0,1.0501332079559187,1164,experiment_001
1200.0,0.9821111722290105,150,experiment_002
3880.0,0.820841139798253,485,experiment_003
6984.0,0.758486151155904,873,experiment_005
7224.0,0.7607956471098726,903,6,experiment_006
6984.0,0.758486151155904,873,0,experiment_005
6984.0,0.758486151155904,873,0,experiment_005
6984.0,0.758486151155904,873,0,experiment_005
6984.0,0.758486151155904,873,0,experiment_005
6984.0,0.758486151155904,873,0,experiment_005
